Type,CityA,CityB,CityC,CityD
Condominium,440912.91686889,520128.38166770985,395526.1348005502,320815.0959308455
Single Family,529415.9520516366,621871.8403134036,477671.8859546623,386730.25622221205
Townhouse,484965.7128862403,569316.9896907216,435042.89749798225,352971.96492528095
