Location,Count,Mean,Median,Min,Max,Std Dev
CityB,60071,576302.0259359757,510000.0,91000.0,2223000.0,294739.0645190172
CityA,60612,490389.5928199036,456000.0,105000.0,1536000.0,199067.64970063287
CityC,60715,440601.2188091905,403000.0,46000.0,1551000.0,199916.95671569626
CityD,60337,357595.0743324991,331000.0,26000.0,1149000.0,151969.63829508575
