feature,VIF
Size,7.769970182208533
Bedrooms,5.487492392436327
Bathrooms,7.03136201769882
House_Age,4.362885867707493
Sold_Year,21.655275489717216
